diocese ID,root no,1895,1894,1893,1892,1891,1890,1889,1888,1887,1886,1885,1884,1883,a,1881,1880,1879,1878,1877,1876,1875,1874,1873,1872,1871,1870,1869,1868,1867,1866,1865,1864,TIME GAP (Civil War),1861,1860,1859,1858,1857,1856,1855,1854,1853,1852,1851,1850,1849,1848,1847,1846,1845,1844,1843,1842,1841,1840,1839,1838,1837,1836,1835,1834,1833
bal.md,01,Baltimore,Baltimore,Baltimore,Baltimore,Baltimore,Baltimore,Baltimore,Baltimore,Baltimore,Baltimore,Baltimore,Baltimore,Baltimore,Baltimore,Baltimore,Baltimore,Baltimore,Baltimore,Baltimore,Baltimore,Baltimore,Baltimore,Baltimore,Baltimore,Baltimore,Baltimore,Baltimore,Baltimore,Baltimore,Baltimore (54),Baltimore (53),Baltimore (53),,Baltimore (51),Baltimore (53),Baltimore (50),Baltimore (70),Baltimore (61),Baltimore (62),Baltimore (62),Baltimore (59),Baltimore (58),Baltimore (66),Baltimore (95),Baltimore (74),Baltimore (78),Baltimore (86),Baltimore (68),Baltimore (72),Baltimore (58),Baltimore (61),Baltimore (54),Baltimore (60),Baltimore (71),Baltimore (49),Baltimore (69),Baltimore (59),Baltimore (68),Baltimore (62),Baltimore (49),Baltimore (48),Baltimore
bos.ma ,02,Boston,Boston,Boston,Boston,Boston,Boston,Boston,Boston,Boston,Boston,Boston,Boston,Boston,Boston,Boston,Boston,Boston,Boston,Boston,Boston,Boston,Boston,Boston,Boston,Boston,Boston,Boston,Boston,Boston,Boston (101),Boston (102),Boston (97),,Boston (130),Boston (147),Boston (142),Boston (47),Boston (225),Boston (109),Boston (191),Boston (193),Boston (160),Boston (201),Boston (164),Boston (99),Boston (241),Boston (233),Boston (173),Boston (184),Boston (145),Boston (87),Boston (119),Boston (84),Boston (113),Boston (87),Boston (114),Boston (88),Boston (106),Boston (70),Boston (57),Boston (54),Boston
chi.il,03,Chicago,Chicago,Chicago,Chicago,Chicago,Chicago,Chicago,Chicago,Chicago,Chicago,Chicago,Chicago,Chicago,Chicago,Chicago,Chicago,Chicago,Chicago,Chicago,Chicago,Chicago,Chicago,Chicago,Chicago,Chicago,Chicago,Chicago,Chicago,Chicago,Chicago (145),Chicago (164),Chicago (159),,Chicago (162),Chicago (184),Chicago (178),Chicago (131),Chicago (210),Chicago (90),Chicago (167),Chicago (152),Chicago (109),Chicago (137),Chicago (147),Chicago (112),Chicago (132),Chicago (138),Chicago (117),Chicago (172),Chicago (111),Chicago (164),,,,,,,,,,,
cin.oh,04,Cincinnati,Cincinnati,Cincinnati,Cincinnati,Cincinnati,Cincinnati,Cincinnati,Cincinnati,Cincinnati,Cincinnati,Cincinnati,Cincinnati,Cincinnati,Cincinnati,Cincinnati,Cincinnati,Cincinnati,Cincinnati,Cincinnati,Cincinnati,Cincinnati,Cincinnati,Cincinnati,Cincinnati,Cincinnati,Cincinnati,Cincinnati,Cincinnati,Cincinnati,Cincinnati (72),Cincinnati (124),Cincinnati (120),,Cincinnati (81),Cincinnati (89),Cincinnati (86),Cincinnati (97),Cincinnati (112),Cincinnati (125),Cincinnati (137),Cincinnati (96),Cincinnati (78),Cincinnati ( 95),Cincinnati (64),Cincinnati (140),Cincinnati (140),Cincinnati (143),Cincinnati (100),Cincinnati (88),Cincinnati (97),Cincinnati (131),Cincinnati (70),Cincinnati (90),Cincinnati (121),Cincinnati (92),Cincinnati (125),Cincinnati (96),Cincinnati (114),Cincinnati (72),Cincinnati (59),Cincinnati (56),Cincinnati
dub.ia,05,Dubuque,Dubuque,Dubuque,Dubuque,Dubuque,Dubuque,Dubuque,Dubuque,Dubuqe,Dubuque,Dubuque,Dubuque,Dubuque,Dubuque,Dubuque,Dubuque,Dubuque,Dubuque,Dubuque,Dubuque,Dubuque,Dubuque,Dubuque,Dubuque,Dubuque,Dubuque,Dubuque,Dubuque,Dubuque,Dubuque (226),Dubuque (169),Dubuque (164),,Dubuque (165),Dubuque (188),Dubuque (181),Dubuque (144),Dubuque (137),Dubuque (140),Dubuque (83),Dubuque (164),Dubuque (117),Dubuque (145),Dubuque (138),Dubuque (129),Dubuque (119),Dubuque (223),Dubuque (121),Dubuque (127),Dubuque (118),Dubuque (95),Dubuque (82),Dubuque (109),Dubuque (138),Dubuque (103),Dubuque (133),,,,,,
mil.wi,06,Milwaukee,Milwaukee,Milwaukee,Milwaukee,Milwaukee,Milwaukee,Milwaukee,Milwaukee,Milwaukee,Milwaukee,Milwaukee,Milwaukee,Milwaukee,Milwaukee,Milwaukee,Milwaukee,"Milwaukee (87, 429)",Milwaukee,Milwaukee,Milwaukee,Milwaukee,Milwaukee,Milwaukee,Milwaukee,Milwaukee,Milwaukee,Milwaukee,Milwaukee,Milwaukee,Milwaukee (176),Milwaukee (172),Milwaukee (167),,Milwaukee (168),Milwaukee (192),Milwaukee (184),Milwaikie (138),Milwaukee (157),Milwaukee (200),Milwaukee (216),Milwaukee (204),Milwaukee (140),Milwaukie (188),Milwaukie (141),Milwaukee (119),Milwaukie (124),Milwakie (190),Milwaukie (184),Milwaukie (176),Milwaukie (115),Milwaukie (94),,,,,,,,,,,
new.la,07,New Orleans ,New Orleans ,New Orleans ,New Orleans ,New Orleans ,New Orleans ,New Orleans ,New Orleans ,New Orleans ,New Orleans,New Orleans,New Orleans,New Orleans,New Orleans ,New Orleans,New Orleans,New Orleans,New Orleans,New Orleans,New Orleans,New Orleans,New Orleans,New Orleans,New Orleans,New Orleans,New Orleans,New Orleans,New Orleans,New Orleans,New Orleans,ERROR: No data printed in almanac due to Civil War,ERROR: No data printed in almanac due to Civil War,,New Orleans (108),New Orleans (120),New Orleans (116),New Orleans (154),New Orleans (106),New Orleans (159),New Orleans (107),New Orleans (137),New Orleans  (97),New Orleans (159),New Orleans (175),New Orleans (136),New Orleans (109),New Orleans (121),New Orleans (137),New Orleans (148),New Orleans (121),New Orleans (109),New Orleans (94),New Orleans (122),New Orleans (154),New Orleans (120),New Orleans (163),New Orleans (134),New Orleans (154),New Orleans (77),New Orleans (46),New Orleans (45),New Orleans
nyc.ny,08,New York,New York,New York,New York,New York,New York,New York,New York,New York,New York,New York,New York,New York,New York,New York,New York,New York,New York,New York,New York,New York City,New York City,New York City,New York City,New York,New York City,New York,New York,New York,New York (64),New York (89),New York (85),,New York (120),New York (136),New York (131),New York (37),New York (188),New York (170),New York (129),New York (214),New York (186),New York (205),New York (154),New York (177),New York (158),New York (175),New York (158),New York  (106),New York (85),New York (122),New York (111),New York (148),New York (186),New York (146),New York (106),New York (83),New York (103),New York (68),New York (55),New York (54),New York
ore.or,09,Oregon City,Oregon City,Oregon City,Oregon City,Oregon City,Oregon City,Oregon City,Oregon City,Oregon City,Oregon City,Oregon City,Oregon City,Oregon City,Oregon City,Oregon City,Oregon City,Oregon City,Oregon City,Oregon City,Oregon City,Oregon City,Oregon City,Oregon City,Oregon City,Oregon City,Oregon City,Oregon City,Oregon City,Oregon City,Oregon City,Oregon City (200),Oregon City (192),,Oregon City (131),Oregon City (171),Oregon City (165),Oregon (171),Oregon City (202),Oregon City (224),Oregon City (239),Oregon City (231),Oregon City (203),Oregon City (197),Oregon City (187),Oregon City (190),Oregon City (250),Oregon City (227),Oregon City (192),Vicariate of Oregon Territory (191),Apostolic Vicariate of Oregon Territory (167),Apostolic Vicariate of Oregon Territory (164),,,,,,,,,,,
phi.pa,10,Philadelphia,Philadelphia,Philadelphia,Philadelphia,Philadelphia,Philadelphia,Philadelphia,Philadelphia,Philadelphia,Philadelphia,Philadelphia,Philadelphia,Philadelphia,Philadelphia,Philadelphia,Philadelphia,Philadelphia,Philadelphia,Philadelphia,Philadelphia,Philadelphia,Philadelphia,Philadelphia,Philadelphia,Philadelphia,Philadelphia,Philadelphia,Philadelphia,Philadelphia,Philadelphia (193),Philadelphia (66),Philadelphia (64),,Philadelphia (60),Philadelphia (84),Philadelphia (61),Philadelphia (76),Philadelphia (145),Philadelphia (113),Philadelphia (178),Philadelphia (78),Philadelphia (175),Philadelphia (78),Philadelphia (107),Philadelphia (85),Philadelphia (185),Philadelphia (165),Philadelphia (83),Philadelphia (99),Philadelphia (73),Philadelphia (77),Philadelphia (123),Philadelphia (75),Philadelphia (103),Philadelphia  (81),Philadelphia (102),Philadelphia (79),Philadelphia (100),Philadelphia (65),Philadelphia (52),Philadelphia (51),Philadelphia
sanf.ca,11,San Francisco,San Francisco,San Francisco,,San Francisco,San Francisco,San Francisco,San Francisco,San Francisco,San Francisco,San Francisco,San Francisco,San Francisco,San Francisco,San Francisco,San Francisco,San Francisco,San Francisco,San Francisco,San Francisco,San Francisco,San Francisco,San Francisco,San Francisco,San Francisco,San Francisco,San Francisco,San Francisco,San Francisco,San Francisco ,San Francisco (194),San Francisco (188),,San Francisco (184),San Francisco (212),San Francisco (203),San Francisco (167),San Francisco (198),San Francisco (239),San Francisco (207),San Francisco (201),,,,,,,,,,,,,,,,,,,,,
san.nm,12,Santa Fe,Santa Fe,Santa Fe,Santa Fé,Santa Fe,Santa Fe,Santa Fe,Santa Fe,Santa Fe,Santa Fé,Santa Fe,Santa Fe,Santa Fe,Santa Fe,Santa Fe,Santa Fe,Santa Fe,Santa Fé,Santa Fé,Santa Fé,Santa Fé,Santa Fé,Santa Fé,Santa Fé,Santa Fé,Santa Fé,Santa Fé,Sante Fé,Santa Fé,Sante Fé (138),Santa Fe (182),Santa Fe (177),,Santa Fe (176),Santa Fe (201),Santa Fe (193),Santa Fe (152),Santa Fe (142),Santa Fe (257),Santa Fe (243),Santa Fe (172),Apostolic Vicariate of New Mexico (201),Apostolic Vicariate of New Mexico (155),Apostolic Vicariate of New Mexico (190),,,,,,,,,,,,,,,,,,
stl.mo,13,St. Louis,St. Louis,St. Louis,St. Louis,St. Louis,St. Louis,St. Louis,St. Louis,St. Louis,St. Louis,St. Louis,St. Louis,St. Louis,St. Louis,St. Louis,St. Louis (145) ,St. Louis  (151),St. Louis,St. Louis,St. Louis,St. Louis,St. Louis,St. Louis,St. Louis,St. Louis,St. Louis,St. Louis ,St. Louis,St. Louis,St. Louis (78),St. Louis (156),St. Louis (151),,St. Louis (153),St. Louis (174),St. Louis (168),St. Louis (125),St. Louis (176),St. Louis (245),St. Louis (196),St. Louis (144),St. Louis (164),St. Louis (130),St. Louis (128),St. Louis (165),St. Louis (214),St. Louis (197),St. Louis (141),St. Louis (131),St. Louis (156),St. Louis (98),St. Louis (84),St. Louis (111),St. Louis (139),St. Louis (105),St. Louis (134),St. Louis (104),St. Louis (124),St. Louis (75),St. Louis (62),St. Louis (59),St. Louis
stp.mn,14,St. Paul,St. Paul,St. Paul,St. Paul,St. Paul,St. Paul,St. Paul,St. Paul,St. Paul,St. Paul,St. Paul,St. Paul,St. Paul,St. Paul,St. Paul,St. Paul,St. Paul,St. Paul,St. Paul,St. Paul,St. Paul,St. Paul,St. Paul,St. Paul,St. Paul,St. Paul,St. Paul,St. Paul,St. Paul,St. Paul (133),St. Paul (186),St. Paul (180),,St. Paul (178),St. Paul (204),St. Paul (196),St. Paul (147),St. Paul (243),St. Paul (146),St. Paul (241),St. Paul (169),St. Paul's (196),St. Paul's (149),St. Paul's (141),,,,,,,,,,,,,,,,,,
alb.ny,15,Albany,Albany,Albany,Albany,Albany,Albany,Albany,Albany,Albany,Albany,Albany,Albany,Albany,Albany,Albany,Albany,Albany,Albany,Albany,Albany,Albany,Albany,Albany,Albany,Albany,Albany,Albany ,Albany,Albany,Albany (95),Albany (96),Albany (91),,Albany (125),Albany (141),Albany (136),Albany (56),Albany (129),Albany (101),Albany (147),Albany (177),Albany (72),Albany (175),Albany (170),Albany (95),Albany (169),Albany (185),,,,,,,,,,,,,,,
alt.il,16,Alton,Alton,Alton,Alton,Alton,Alton,Alton,Alton,Alton,Alton,Alton,Alton,Alton,Alton,Alton,Alton (175),Alton,Alton,Alton,Alton,Alton,Alton,Alton,Alton,Alton,Alton,Alton,Alton,Alton,Alton (141),Alton (161),Alton (155),,Alton (157),Alton (179),Alton (172),Alton (134),Quincy (224),Quincy (98),Quincy (174),Quincy (160),,,,,,,,,,,,,,,,,,,,,
bel.il,17,Belleville,Belleville,Belleville,Belleville,Belleville,Belleville,Belleville,,,,,,,,,,,,,,,,,,,,,,,,,,,,,,,,,,,,,,,,,,,,,,,,,,,,,,,
bro.ny,18,Brooklyn,Brooklyn,Brooklyn,Brooklyn,Brooklyn,Brooklyn,Brooklyn,Brooklyn,Brooklyn,Brooklyn,Brooklyn,Brooklyn,Brooklyn,Brooklyn,Brooklyn,Brooklyn,Brooklyn,Brooklyn,Brooklyn,Brooklyn,Brooklyn,Brooklyn,Brooklyn,Brooklyn,Brooklyn,Brooklyn,Brooklyn,Brooklyn,Brooklyn,Brooklyn (209),Brooklyn (207),Brooklyn (101),,Brooklyn (148),Brooklyn (168),Brooklyn (146),Brooklyn (54),Brooklyn (211),Brooklyn (260),Brooklyn (189),Brooklyn (222),,,,,,,,,,,,,,,,,,,,,
boi.id,19,Boise City,Boise City,Vicariate-Apostolic Idaho,Vicariate-Apostolic Idaho,Vicariate-Apostolic Idaho,Vicariate-Apostolic Idaho,Vicariate-Apostolic Idaho,Vicariate-Apostolic Idaho,Vicariate-Apostolic Idaho,VAIdaho,VAIdaho,VAIdaho,VAIdaho,VAIdaho,VAIdaho,VAIdaho,VAIdaho,VAIdaho,VAIdaho,VAIdaho,VAIdaho,VAIdaho,VAIdaho,VAIdaho,VAIdaho,,VAIdaho,,,,,,,,,,,,,,,,,,,,,,,,,,,,,,,,,,,
buf.ny,20,Buffalo,Buffalo,Buffalo,Buffalo,Buffalo,Buffalo,Buffalo,Buffalo,Buffalo,Buffalo,Buffalo,Buffalo,Buffalo,Buffalo,Buffalo,Buffalo,Buffalo,Buffalo,Buffalo (204),Buffalo,Buffalo,Buffalo,Buffalo,Buffalo,Buffalo,Buffalo,Buffalo,Buffalo,Buffalo,Buffalo (105),Buffalo (107),Buffalo (106),,Buffalo (134),Buffalo (151),Buffalo (148),Buffalo (62),Buffalo (204),Buffalo (134),Buffalo (227),Buffalo (187),Buffalo (157),Buffalo (168),Buffalo (167),Buffalo (126),Buffalo (210),Buffalo (188),,,,,,,,,,,,,,,
bur.vt,21,Burlington,Burlington,Burlington,Burlington,Burlington,Burlington,Burlington,Burlington,Burlington,Burlington,Burlington,Burlington,Burlington,Burlington,Burlington,Burlington,Burlington,Burlington,Burlington,Burlington,Burlington,Burlington,Burlington,Burlington,Burlington,Burlington,Burlington,Burlington,Burlington,Burlington (116),Burlington (106),Burlington (110),,Burlington (140),Burlington (158),Burlington (156),Burlington (45),Burlington (242),Burlington (156),Burlington (126),Burlington (198),,,,,,,,,,,,,,,,,,,,,
cha.sc,22,Charleston,Charleston,Charleston,Charleston,Charleston,Charleston,Charleston,Charleston,Charleston,Charleston,Charleston,Charleston,Charleston,Charleston,Charleston,Charleston,Charleston,Charleston,Charleston,Charleston,Charleston,Charleston,Charleston,Charleston,Charleston,Charleston,Charleston,Charleston,Charleston,ERROR: No data printed in almanac due to Civil War,Charleston (62),Charleston (61),,Charleston (79),Charleston (87),Charleston (82),Charleston (92),Charleston (214),Charleston (214),Charleston (158),Charleston (74),Charleston (154),Charleston (90),Charleston (115),Charleston (148),Charleston (101),Charleston (108),Charleston (153),Charleston (153),Charleston (150),Charleston (115),Charleston (100),Charleston (131),Charleston (167),Charleston (128),Charleston (171),Charleston (128),Charleston (163),Charleston (79),Charleston (47),Charleston (47),Charleston
che.wy,23,Cheyenne,Cheyenne,Cheyenne,Cheyenne,Cheyenne,Cheyenne,Cheyenne,Cheyenne,,,,,,,,,,,,,,,,,,,,,,,,,,,,,,,,,,,,,,,,,,,,,,,,,,,,,,
cle.oh,24,Cleveland,Cleveland,Cleveland,Cleveland,Cleveland,Cleveland,Cleveland,Cleveland,Cleveland,Cleveland,Cleveland,Cleveland,Cleveland,Cleveland,Cleveland,Cleveland,Cleveland,Cleveland,Cleveland,Cleveland,Cleveland,Cleveland,Cleveland,Cleveland,Cleveland,Cleveland,Cleveland,Cleveland,Cleveland,Cleveland (123),Cleveland (131),Cleveland (126),,Cleveland (87),Cleveland (96),Cleveland (93),Cleveland (108),Cleveland (86),Cleveland (149),Cleveland (104),Cleveland (106),Cleveland (123),Cleveland (105),Cleveland (81),Cleveland (163),Cleveland (153),Cleveland (154),,,,,,,,,,,,,,,
col.oh,25,Columbus,Columbus,Columbus,Columbus,Columbus,Columbus,Columbus,Columbus,Columbus,Columbus,Columbus,Columbus,Columbus,Columbus,Columbus,Columbus,Columbus,Columbus,Columbus,Columbus,Columbus,Columbus,Columbus,Columbus,Columbus,Columbus,Columbus,,,,,,,,,,,,,,,,,,,,,,,,,,,,,,,,,,,
col.wa,26,,,,,,,,,,,,,,,,,,,,,,,,,,,,,,,,,,,,,,,,,,,,Colville (188),Colville (191),Colville (251),,,,,,,,,,,,,,,,
con.ks,27,Concordia,Concordia,Concordia,Concordia,Concordia,Concordia,Concordia,Concordia,,,,,,,,,,,,,,,,,,,,,,,,,,,,,,,,,,,,,,,,,,,,,,,,,,,,,,
cov.ky,28,Covington,Covington,Covington,Covington,Covington,Covington,Covington,Covington,Covington,Covington,Covington,Covington,Covington,Covington,Covington,Covington,Covington,Covington,Covington,Covington,Covington,Covington,Covington,Covington,Covington,Covington,Covington,Covington,Covington,Covington (120),Covington(135),Covington (130),,Covington (90),Covington (99),Covington (95),Covington (110),Covington (218),Covington (198),Covington (165),Covington (120),,,,,,,,,,,,,,,,,,,,,
dal.tx,29,Dallas,Dallas,Dallas,Dallas,,,,,,,,,,,,,,,,,,,,,,,,,,,,,,,,,,,,,,,,,,,,,,,,,,,,,,,,,,
dav.ia,30,Davenport,Davenport,Davenport,Davenport,Davenport,Davenport,Davenport,Davenport,Davenport,Davenport,Davenport,Davenport,Davenport (282),Davenport,,,,,,,,,,,,,,,,,,,,,,,,,,,,,,,,,,,,,,,,,,,,,,,,
den.co,31,Denver,Denver,Denver,Denver,Denver,Denver,Denver,Denver,VAColorado,VAColorado,VAColorado,VAColorado,VAColorado,VAColorado,VAColorado,VAColorado,VAColorado,VAColorado,VAColorado,VAColorado,VAColorado,VAColorado,VAColorado,VAColorado,VAColoradoUtah,VAColoradoUtah,ERROR: No data printed in almanac,,,,,,,,,,,,,,,,,,,,,,,,,,,,,,,,,,,
det.mi,32,Detroit,Detroit,Detroit,Detroit,Detroit,Detroit,Detroit,Detroit,Detroit,Detroit,Detroit,Detroit,Detroit,Detroit,Detroit,Detroit,Detroit,Detroit,Detroit,Detroit,Detroit,Detroit,Detroit,Detroit,Detroit,Detroit,Detroit,Detroit,Detroit,Detroit (127),Detroit (137),Detroit (133),,Detroit (93),Detroit (102),Detroit??,Detroit (118),Detroit (101),Detroit (82),Detroit (89),Detroit(131),Detroit (171),Detroit (126),Detroit (85),Detroit (104),Detroit (175),Detroit (158),Detroit (92),Detroit (188),Detroit (94),Detroit (91),Detroit (67),Detroit (87),Detroit (117),Detroit (90),Detroit (121),Detroit (93),Detroit (111),Detroit (71),Detroit (58),Detroit (56),Detroit
dul.mn,33,Duluth,Duluth,Duluth,Duluth,Duluth,Duluth,,,,,,,,,,,,,,,,,,,,,,,,,,,,,,,,,,,,,,,,,,,,,,,,,,,,,,,,
erie.pa,34,Erie,Erie,Erie,Erie,Erie,Erie,Erie,Erie,Erie,Erie,Erie,Erie,Erie,Erie,Erie,Erie,Erie,Erie,Erie,Erie,Erie,Erie,Erie,Erie,Erie,Erie,Erie,Erie,Erie,Erie (166),Erie (63),Erie (62),,Erie (58),Erie (62),Erie (59),Erie (88),Erie (127),Erie (164),Erie (94),Erie (95),,,,,,,,,,,,,,,,,,,,,
for.in,35,Fort Wayne,Fort Wayne,Fort Wayne,Fort Wayne,Fort Wayne,Fort Wayne,Fort Wayne,Fort Wayne,Fort Wayne,Fort Wayne,Fort Wayne,Fort Wayne,Fort Wayne,Fort Wayne,Fort Wayne,Fort Wayne,Fort Wayne,Fort Wayne,Fort Wayne,Fort Wayne,Fort Wayne,Fort Wayne,Fort Wayne,Fort Wayne,Fort Wayne,Fort Wayne,Fort Wayne,Fort Wayne,Fort Wayne,Fort Wayne (223),Fort Wayne (141),Fort Wayne (136),,Fort Wayne (96),Fort Wayne (106),Fort Wayne (102),Fort Wayne (116),,,,,,,,,,,,,,,,,,,,,,,,,
forh.id,36,,,,,,,,,,,,,,,,,,,,,,,,,,,,,,,,,,,,,,,,,,,,Fort Hall (188),Fort Hall (191),Fort Hall (251),,,,,,,,,,,,,,,,
gal.tx,37,Galveston,Galveston,Galveston,Galveston,Galveston,Galveston,Galveston,Galveston,Galveston,Galveston,Galveston,Galveston,Galveston,Galveston,Galveston,Galveston,Galveston,Galveston,Galveston,Galveston,Galveston,Galveston,Galveston,Galveston,Galveston,Galveston,Galveston,Galveston,Galveston,Galveston,ERROR: No data printed in almanac due to Civil War,ERROR: No data printed in almanac due to Civil War,,Galveston (112),Galveston (124),Galveston (120),Galveston (164),Galveston (249),Galveston (210),Galveston (214),galveston (227),Galveston (134),Galveston (182),Galveston (183),Galveston (188),Galveston (106),Galveston (118),Vicariate of Texas (190),Texas (206),,,,,,,,,,,,,
gra.mi,38,Grand Rapids,Grand Rapids,Grand Rapids,Grand Rapids,Grand Rapids,Grand Rapids,Grand Rapids,Grand Rapids,Grand Rapids,Grand Rapids,Grand Rapids,Grand Rapids,Grand Rapids,,,,,,,,,,,,,,,,,,,,,,,,,,,,,,,,,,,,,,,,,,,,,,,,,
gre.wi,39,Green Bay,Green Bay,Green Bay,Green Bay,Green Bay,Green Bay,Green Bay,Green Bay,Green Bay,Green Bay,Green Bay,Green Bay,Green Bay,Green Bay,Green Bay,Green Bay,Green Bay,Green Bay,Green Bay,Green Bay,Green Bay,Green Bay,Green Bay,Green Bay,Green Bay,Green Bay,Green Bay,,,,,,,,,,,,,,,,,,,,,,,,,,,,,,,,,,,
gra.ca,40,Grass Valley,Sacramento,Sacramento,,Sacramento,Sacramento,Sacramento,Sacramento,Sacramento,Grass Valley,Grass Valley,Grass Valley,Grass Valley,Grass Valley,Grass Valley,Grass Valley,Grass Valley,Grass Valley,Grass Valley,Grass Valley,Grass Valley,Grass Valley,Grass Valley,Grass Valley,Grass Valley,Grass Valley,Grass Valley,VAMarysvilleCalifornia,VAMarysvilleCalifornia,VAMarysvilleCalifornia,VAMarysvilleCalifornia,,,,,,,,,,,,,,,,,,,,,,,,,,,,,,,
har.pa,41,Harrisburg,Harrisburg,Harrisburg,Harrisburg,Harrisburg,Harrisburg,Harrisburg,Harrisburg,Harrisburg,Harrisburg,Harrisburg,Harrisburg,Harrisburg,Harrisburg,Harrisburg,Harrisburg,Harrisburg,Harrisburg,Harrisburg,Harrisburg,Harrisburg,Harrisburg,Harrisburg,Harrisburg,Harrisburg,Harrisburg,Harrisburg,,,,,,,,,,,,,,,,,,,,,,,,,,,,,,,,,,,
har.ct,42,Hartford,Hartford,Hartford,Hartford,Hartford,Hartford,Hartford,Hartford,Hartford,Hartford,Hartford,Hartford,Hartford,Hartford,Hartford,Hartford,Hartford,Hartford,Hartford,Hartford,Hartford,Hartford,Hartford,Hartford,Hartford,Hartford,Hartford,Hartford,Hartford,Hartford (168),Hartford (114),Hartford (111),,Hartford (141),Hartford (159),Hartford (157),Hartford (50),Hartford (237),Hartford (229),Hartford (155),Hartford (184),Hartford (131),Hartford (172),Hartford (174),Hartford (103),Hartford (209),Hartford (222),Hartford (99),Hartford (87),Hartford (93),Hartford (90),,,,,,,,,,,
hel.mt,43,Helena,Helena,Helena,Helena,Helena,Helena,Helena,Helena,Helena,Helena,VAMontana,VAMontana,,,,,,,,,,,,,,,,,,,,,,,,,,,,,,,,,,,,,,,,,,,,,,,,,,
jam.nd,44,Jamestown,Jamestown,Jamestown,Jamestown,Jamestown,Jamestown,,,,,,,,,,,,,,,,,,,,,,,,,,,,,,,,,,,,,,,,,,,,,,,,,,,,,,,,
kc.mo,45,Kansas City Missouri,Kansas City Missouri,Kansas City Missouri,Kansas City Missouri,Kansas City Missouri,Kansas City Missouri,Kansas City Missouri,Kansas City Missouri,Kansas City Missouri,Kansas City Missouri,Kansas City Missouri,Kansas City Missouri,Kansas City Missouri,Kansas City,Kansas City Missouri,,,,,,,,,,,,,,,,,,,,,,,,,,,,,,,,,,,,,,,,,,,,,,,
kc.ks,46,Kansas City Kansas,Kansas City Kansas,Kansas City Kansas,Leavenworth,Leavenworth,Leavenworth,Leavenworth,Leavenworth,Leavenworth,Leavenworth,Leavenworth,Leavenworth,Leavenworth,Leavenworth,Leavenworth,Leavenworth,Leavenworth,Leavenworth,VAKansas,VAKansas,VAKansas,VAKansas,VAKansas,VAKansas,VAKansas,VAKansas,VAEastRockyMountains,VAEastRockyMountains,VAEastRockyMountains,VAEastRockyMountains,VAEastRockyMountains (191),VAEastRockyMountains (185),,VAEastRockyMountains,VAEastRockyMountains (209),Vicariate of Kansas (201),,,,,,,,,,,,,,,,,,,,,,,,,,
lac.wi,47,La Crosse,La Crosse,La Crosse,La Crosse,La Crosse,La Crosse,La Crosse,La Crosse,La Crosse,La Crosse,La Crosse,La Crosse,La Crosse,La Crosse,La Crosse,La Crosse,La Crosse,La Crosse,La Crosse,La Crosse,La Crosse,La Crosse,La Crosse,La Crosse,La Crosse,La Crosse,La Crosse,,,,,,,,,,,,,,,,,,,,,,,,,,,,,,,,,,,
lin.ne,48,Lincoln,Lincoln,Lincoln,Lincoln,Lincoln,Lincoln,Lincoln,Lincoln,,,,,,,,,,,,,,,,,,,,,,,,,,,,,,,,,,,,,,,,,,,,,,,,,,,,,,
lit.ar,49,Little Rock,Little Rock,Little Rock,Little Rock,Little Rock,Little Rock,Little Rock,Little Rock,Little Rock,Little Rock,Little Rock,Little Rock,Little Rock,Little Rock,Little Rock,Little Rock,Little Rock,Little Rock,Little Rock,Little Rock,Little Rock,Little Rock,Little Rock,Little Rock,Little Rock,Little Rock,Little Rock,Little Rock,Little Rock,ERROR: No data printed in almanac due to Civil War,ERROR: No data printed in almanac due to Civil War,Little Rock (196),,Little Rock (114),Little Rock (127),Little Rock (123),Little Rock (162),Little Rock (251),Little Rock (219),Little Rock (204),Little Rock (225),Little Rock (1980,Little Rock (165),Little Rock (185),Little Rock (153),Little Rock (234),Little Rock (218),Little Rock (171),Little Rock (144),Little Rock (154),Little Rock (164),,,,,,,,,,,
lou.ky,50,Louisville,Louisville,Louisville,Louisville,Louisville,Louisville,Louisville,Louisville,Louisville,Louisville,Louisville,Louisville,Louisville,Louisville,Louisville,Louisville,Louisville,Louisville,Louisville,Louisville,Louisville,Louisville,Louisville,Louisville,Louisville,Louisville,Louisville,Louisville,Louisville,Louisville (161),Louisville (145),Louisville (139),,Louisville (99),Louisville (109),Louisville (104),Louisville (106),Louisville (78),Louisville (187),Louisville (113),Louisville (109),Louisville (87),Louisville (108),Louisville (72),Louisville (154),Louisville (196),Louisville (126),Louisville (125),Louisville (160),Louisville (130),Louisville (147),Louisville (130),Bardstown (138),Bardstown (173),Bardstown (133),Bardstown (150),Bardstown (116),Bardstown (139),Bardstown (80),Bardstown (60),Bardstown (57),Bardstown
man.nh,51,Manchester,Manchester,Manchester,Manchester,Manchester,Manchester,Manchester,Manchester,Manchester,Manchester,Manchester,,,,,,,,,,,,,,,,,,,,,,,,,,,,,,,,,,,,,,,,,,,,,,,,,,,
mar.mi,52,Marquette,Marquette,Marquette,Marquette,Marquette,Marquette,Marquette,Marquette,Marquette,Marquette,Marquette,Marquette,Marquette and Sault-Sainte-Marie,Marquette and Sault-Sainte-Marie,Marquette and Sault-Sainte-Marie,Marquette and Sault-Sainte-Marie,Marquette and Sault-Sainte-Marie,Marquette,Marquette ,Marquette ,Marquette ,Marquette ,Marquette ,Marquette ,Marquette ,Marquette and Saut-Sainte-Marie,Marquette ,Marquette and Saut-Sainte-Marie,Marquette,Saut Sainte Marie (131),Saut-Saint-Marie (151),Saut-Saint-Marie (146),,Saut. Ste. Marie (104),Saut Ste. Marie (114),Saut Sainte Marie (110),St. Mary's (122) ,Apostolic Vicariate of Upper Michigan (95),Apostolic Vicariate of Upper Michigan (87),Apostolic Vicariate of Upper Michigan (80),Apostolic Vicariate of Upper Michigan (136),,,,,,,,,,,,,,,,,,,,,
mob.al,53,Mobile,Mobile,Mobile,Mobile,Mobile,Mobile,Mobile,Mobile,Mobile,Mobile,Mobile,Mobile,Mobile,Mobile,Mobile,Mobile,Mobile,Mobile,Mobile,Mobile,Mobile,Mobile,Mobile,Mobile,Mobile,Mobile,Mobile,Mobile,Mobile,Mobile ,ERROR: No data printed in almanac due to Civil War,ERROR: No data printed in almanac due to Civil War,,Mobile (116),Mobile (129),Mobile (125),Mobile (158),Mobile (92),Mobile (222),Mobile (236),Mobile (199),Mobile (207),Mobile (180),Mobile (181),Mobile (185),Mobile (227),Mobile (230),Mobile (151),Mobile (179),Mobile (143),Mobile (146),Mobile (106),Mobile (129),Mobile (165),Mobile (126),Mobile (168),Mobile (132),Mobile (160),Mobile (78),Mobile (47),Mobile (46),Mobile
mon.ca,54,Monterey and Los Angeles,Monterey and Los Angeles,Monterey and Los Angeles,Monterey and Los Angeles,Monterey and Los Angeles,Monterey and Los Angeles,Monterey and Los Angeles,Monterey and Los Angeles,Monterey and Los Angeles,Monterey and Los Angeles,Monterey and Los Angeles,Monterey and Los Angeles,Monterey and Los Angeles,Monterey and Los Angeles,Monterey and Los Angeles,Monterey and Los Angeles,Monterey and Los Angeles,Monterey and Los Angeles,Monterey and Los Angeles,Monterey and Los Angeles,Monterey and Los Angeles,Monterey and Los Angeles,Monterey and Los Angeles,Monterey and Los Angeles,Monterey and Los Angeles,Monterey and Los Angeles,Monterey and Los Angeles,Monterey and Los Angeles,Monterey and Los Angeles,Monterey and Los Angeles,Monterey and Los Angeles (197),Monterey and Los Angeles (191),,Los Angelos and Monterey (186),Los Angelos & Monterey (215),Monterey (206),Monterey (169),Monterey (99),Monterey (243),Monterey (210),Monterey (201),Monterey (195),Monterey (255),Monterey (189),Upper California and New Mexico (192),,,,,,,,,,,,,,,,,
nash.tn,55,Nashville,Nashville,Nashville,Nashville,Nashville,Nashville,Nashville,Nashville,Nashville,Nashville,Nashville,Nashville,Nashville,Nashville,Nashville,Nashville,Nashville,Nashville,Nashville,Nashville,Nashville,Nashville,Nashville,Nashville,Nashville,Nashville,Nashville,Nashville,Nashville,ERROR: No data printed in almanac due to Civil War,Nashville (181),Nashville (176),,Nashville (174),Nashville (1990),Nashville (192),Nashville (130),Nashville (186),Nashville (154),Nashville (163),Nashville (175),Nashville  (121),Nashville (151),Nashville (136),Nashville (133),Nashville (115),Nashville (220),Nashville (134),Nashville (146),Nashville (127),Nashville (143),Nashville (105),Nashville (147),Nashville (171),Nashville (133),Nashville (163),,,,,,
nat.la,56,Natchez,Natchez,Natchez,Natchez,Natchez,Natchez,Natchez,Natchez,Natchez,Natchez,Natchez,Natchez,Natchez,Natchez,Natchez,Natchez,Natchez,Natchez,Natchez,Natchez,Natchez,Natchez,Natchez,Natchez,Natchez,Natchez,Natchez,Natchez,Natchez,ERROR: No data printed in almanac due to Civil War,ERROR: No data printed in almanac due to Civil War,ERROR: No data printed in almanac due to Civil War,,Natchez (117),Natchez 131,Natchez (127),Natchez (160),Natchez (246),Natchez (253,Natchez (211),Natchez (142),Natchez (102),Natchez (163),Natchez (180),Natchez (135),Natchez (114),Natchez (125),Natchez (136),Natchez (152),Natchez (126),Natchez (115),Natchez (100),Natchez (128),Natchez (164),Natchez (125),Natchez (168),,,,,,
nat.ms,57,Natchitoches,Natchitoches,Natchitoches,Natchitoches,Natchitoches,Natchitoches,Natchitoches,Natchitoches,Natchitoches,Natchitoches,Natchitoches,Natchitoches,Natchitoches,Natchitoches,Natchitoches,Natchitoches,Natchitoches,Natchitoches,Natchitoches,Natchitoches,Natchitoches,Natchitoches,Natchitoches,Natchitoches,Natchitoches,Natchitoches,Natchitoches,Natchitoches,Natchitoches,Natchitoches,Natchitoches (207),Natchitoches (199),,Natchitoches (119),Natchitoches (134),Natchitoches (129),Natchitoches (161),Natchitoches (94),Natchitoches (152),Natchitoches (112),Natchitoches (142),,,,,,,,,,,,,,,,,,,,,
nes.wa,58,Nesqually,Nesqually,Nesqually,Nesqually,Nesqually,Nesqually,Nesqually,Nesqually,Nesqually,Nesqually,Nesqually,Nesqually,Nesqually,Nesqually,Nesqually,Nesqually,Nesqually,Nesqually,Nesqually,Nesqually,Nesqualy,Nesqualy,Nesqualy,Nesqualy,Nesqualy,Nesqualy,Nesqualy,Nesqualy,Nesqualy (238),Nesqualy (175),Nesqualy (202),Nesqualy (194),,Nesqualy (152),Nesqualy (172),Nesqualy (166),Nesqualy (171),Nesqualy (203),Nesqualy (225),Nesqualy (239),Nesqualy (232),Nesqualy (205),Nesqualy (198),,,,,,,,,,,,,,,,,,,
new.nj,59,Newark,Newark,Newark,Newark,Newark,Newark,Newark,Newark,Newark,Newark,Newark,Newark,Newark,Newark,Newark,Newark,Newark,Newark,Newark,Newark,Newark,Newark,Newark,Newark,Newark,Newark,Newark,Newark,Newark,Newark (112),Newark (116),Newark (115),,Newark (144),Newark (163),Newark (161),Newark (67),Newark (89),Newark (166),Newark (127),Newark,,,,,,,,,,,,,,,,,,,,,
ogd.ny,60,Ogdensburg,Ogdensburg,Ogdensburg,Ogdensburg,Ogdensburg,Ogdensburg,Ogdensburg,Ogdensburg,Ogdensburg,Ogdensburg,Ogdensburg,Ogdensburg,Ogdensburg,Ogdensburg,Ogdensburg,Ogdensburg,Ogdensburg,Ogdensburg,Ogdensburg,Ogdensburg,Ogdensburg,Ogdensburg,Ogdensburg,,,,,,,,,,,,,,,,,,,,,,,,,,,,,,,,,,,,,,,
oma.ne,61,Omaha,Omaha,Omaha,Omaha,Omaha,Omaha,Omaha,Omaha,Omaha,Omaha,VANebraska,VANebraska,VANebraska,VANebraska,VANebraska,VANebraska,VANebraska,VANebraska,VANebraska,VANebraska,VANebraska,VANebraska,VANebraska,VANebraska,VANebraska,VANebraska,VANebraska,VANebraska,VANebraska,VANebraska ,VANebraska (193),VANebraska (187),,VANebraska (185),VANebraska (211),Vicariate of Nebraska (202),,,,,,,,,,,,,,,,,,,,,,,,,,
peo.il,62,Peoria,Peoria,Peoria,Peoria,Peoria,Peoria,Peoria,Peoria,Peoria,Peoria,Peoria,Peoria,Peoria,Peoria,Peoria,Peoria,Peoria,Peoria,,,,,,,,,,,,,,,,,,,,,,,,,,,,,,,,,,,,,,,,,,,,
pit.pa,63,Pittsburgh,Pittsburgh,Pittsburgh,Pittsburgh,Pittsburgh,Pittsburgh,Pittsburgh,Pittsburgh,Pittsburgh,Pittsburgh and Allegheny,Pittsburgh and Allegheny,Pittsburgh and Allegheny,Pittsburgh and Allegheny,Pittsburgh and Allegheny,Pittsburgh and Allegheny,Pittsburgh and Allegheny,Pittsburgh and Allegheny,Pittsburgh and Allegheny,Pittsburgh,Pittsburgh,Pittsburgh,Pittsburgh,Pittsburgh,Pittsburgh,Pittsburgh,Pittsburgh,Pittsburgh,Pittsburgh,Pittsburgh,Pittsburgh (211),Pittsburgh (79),Pittsburgh (75),,Pittsburgh (68),Pittsburgh (74),Pittsburg (71),Pittsburgh (84),Pittsburg (169),Pittsburg (233),Pittsburg (121),Pittsburg (89),Pittsburg (127),Pittsburg (86),Pittsburg (124),Pittsburg (92),Pittsburg (236),Pittsburg (213),Pittsburg (179),Pittsburg (170),Pittsburg (81),Pittsburg (84),,,,,,,,,,,
por.me,64,Portland,Portland,Portland,Portland,Portland,Portland,Portland,Portland,Portland,Portland,Portland,Portland,Portland,Portland,Portland,Portland,Portland,Portland,Portland,Portland,Portland,Portland,Portland,Portland,Portland,Portland,Portland,Portland,Portland,Portland (118),Portland (122),Portland (118),,Portland (145),Portland (166),Portland (163),Portland (43),Portland (168),Portland (168),Portland (195),Portland (197),,,,,,,,,,,,,,,,,,,,,
pro.ri,65,Providence,Providence,Providence,Providence,Providence,Providence,Providence,Providence,Providence,Providence,Providence,Providence,Providence,Providence,Providence,Providence,Providence,Providence,Providence,Providence,Providence,Providence,,,,,,,,,,,,,,,,,,,,,,,,,,,,,,,,,,,,,,,,
ric.va,66,Richmond,Richmond,Richmond,Richmond,Richmond,Richmond,Richmond,Richmond,Richmond,Richmond,Richmond,Richmond,Richmond,Richmond,Richmond,Richmond,Richmond,Richmond,Richmond,Richmond,Richmond,Richmond,Richmond,Richmond,Richmond,Richmond,Richmond,Richmond,Richmond,ERROR: No data printed in almanac due to Civil War,Richmond (83),Richmond (80),,Richmond (72),Richmond (79),Richmond (76),Richmond (90),Richmond (135),Richmond (256),Richmond (235),Richmond (234),Richmond (150),Richmond (184),Richmond (120),Richmond (173),Richmond (246),Richmond (105),Richmond (176),Richmond (157),Richmond (140),Richmond (120),Richmond (108),Richmond (135),Richmond (99),Richmond (79),Richmond (98),,,,,,
roc.ny,67,Rochester,Rochester,Rochester,Rochester,Rochester,Rochester,Rochester,Rochester,Rochester,Rochester,Rochester,Rochester,Rochester,Rochester,Rochester,Rochester,Rochester,Rochester,Rochester,Rochester,Rochester,Rochester,Rochester,Rochester,Rochester,Rochester,Rochester,,,,,,,,,,,,,,,,,,,,,,,,,,,,,,,,,,,
salt.ut,68,Salt Lake,Salt Lake,Salt Lake,Salt Lake,Vicariate-Apostolic Utah Territory,Vicariate-Apostolic Utah Territory,Vicariate-Apostolic Utah Territory,Vicariate-Apostolic Utah,Vicariate-Apostolic of Utah Territory,,,,,,,,,,,,,,,,,,,,,,,,,,,,,,,,,,,,,,,,,,,,,,,,,,,,,
sana.tx,69,San Antonio,San Antonio,San Antonio,San Antonio,San Antonio,San Antonio,San Antonio,San Antonio,San Antonio,San Antonio,San Antonio,San Antonio,San Antonio,San Antonio,San Antonio,San Antonio,San Antonio,San Antonio,San Antonio,San Antonio,,,,,,,,,,,,,,,,,,,,,,,,,,,,,,,,,,,,,,,,,,
sav.ga,70,Savannah,Savannah,Savannah,Savannah,Savannah,Savannah,Savannah,Savannah,Savannah,Savannah,Savannah,Savannah,Savannah,Savannah,Savannah,Savannah,Savannah,Savannah,Savannah,Savannah,Savannah,Savannah,Savannah,Savannah,Savannah,Savannah,Savannah,Savannah,Savannah,ERROR: No data printed in almanac due to Civil War,ERROR: No data printed in almanac due to Civil War,Savannah (81),,Savannah (74),Savannah (81),Savannah (78),Savannah (94),Savannah (75),Savannah (79),Savannah (232),Savannah (191),Savannah (151),Savannah (93),Savannah (118),,,,,,,,,,,,,,,,,,
scr.pa,71,Scranton,Scranton,Scranton,Scranton,Scranton,Scranton,Scranton,Scranton,Scranton,Scranton,Scranton,Scranton,Scranton,Scranton,Scranton,Scranton,Scranton,Scranton,Scranton (275),Scranton,Scranton,Scranton,Scranton,Scranton,Scranton,Scranton,Scranton,,,,,,,,,,,,,,,,,,,,,,,,,,,,,,,,,,,
sio.sd,72,Sioux Falls,Sioux Falls,Sioux Falls,Sioux Falls,Sioux Falls,Sioux Falls,Vicariate-Apostolic Dakota,Vicariate-Apostolic Dakota,Vicariate-Apostolic Dakota,Vicariate Apostolic of Dakota,Vicariate Apostolic of Dakota,Vicariate Apostolic of Dakota,Vicariate Apostolic of Dakota,Vicariate Apostolic of Dakota,Vicariate Apostolic of Dakota,,,,,,,,,,,,,,,,,,,,,,,,,,,,,,,,,,,,,,,,,,,,,,,
spr.ma,73,Springfield,Springfield,Springfield,Springfield,Springfield,Springfield,Springfield,Springfield,Springfield,Springfield,Springfield,Springfield,Springfield,Springfield,Springfield,Springfield,Springfield,Springfield,Springfield,Springfield,Springfield,Springfield,Springfield,Springfield,Springfield,,,,,,,,,,,,,,,,,,,,,,,,,,,,,,,,,,,,,
sta.fl,74,St. Augustine,St. Augustine,St. Augustine,St. Augustine,St. Augustine,St. Augustine,St. Augustine,St. Augustine,St. Augustine,St. Augustine,St. Augustine,St. Augustine,St. Augustine,St. Augustine,St. Augustine,St. Augustine,St. Augustine,St. Augustine,St. Augustine,St. Augustine,St. Augustine,St. Augustine,St. Augustine,St. Augustine,St. Augustine,VAFlorida,VAFlorida,VAFlorida,VAFlorida (94),VAFlorida (94),VAFlorida (88),VAFlorida (84),,VAFlorida (78),VAFlorida (85),Vicariate of Florida (84),Vicariate of Florida (96),,,,,,,,,,,,,,,,,,,,,,,,,
stc.mn,75,St. Cloud,St. Cloud,St. Cloud,St. Cloud,St. Cloud,St. Cloud,Vicariate-Apostolic Northern Minnesota,Vicariate-Apostolic Northern Minnesota,Vicariate-Apostolic Northern Minnesota,Vicariate Apostolic of Northern Minnesota,Vicariate Apostolic of Northern Minnesota,Vicariate Apostolic of Northern Minnesota,Vicariate Apostolic of Northern Minnesota,Vicariate Apostolic of Northern Minnesota,Vicariate Apostolic of Northern Minnesota,Vicariate Apostolic of Northern Minnesota,Vicariate Apostolic of Northern Minnesota,Vicariate Apostolic of Northern Minnesota,Vicariate Apostolic of North Minnesota,Vicariate Apostolic of North Minnesota,,,,,,,,,,,,,,,,,,,,,,,,,,,,,,,,,,,,,,,,,,
stj.mo,76,St. Joseph,St. Joseph,St. Joseph,St. Joseph,St. Joseph,St. Joseph,St. Joseph,St. Joseph,St. Joseph,St. Joseph,St. Joseph,St. Joseph,St. Joseph,St. Joseph,St. Joseph,St. Joseph,St. Joseph,St. Joseph,St. Joseph,St. Joseph,St. Joseph,St. Joseph,St. Joseph,St. Joseph,St. Joseph,St. Joseph,St. Joseph,,,,,,,,,,,,,,,,,,,,,,,,,,,,,,,,,,,
syr.ny,77,Syracuse,Syracuse,Syracuse,Syracuse,Syracuse,Syracuse,Syracuse,Syracuse,Syracuse,,,,,,,,,,,,,,,,,,,,,,,,,,,,,,,,,,,,,,,,,,,,,,,,,,,,,
tre.nj,78,Trenton,Trenton,Trenton,Trenton,Trenton,Trenton,Trenton,Trenton,Trenton,Trenton,Trenton,Trenton,Trenton,Trenton,,,,,,,,,,,,,,,,,,,,,,,,,,,,,,,,,,,,,,,,,,,,,,,,
wal.wa,79,,,,,,,,,,,,,,,,,,,,,,,,,,,,,,,,,,,,,,,,,,Walla Walla,Walla Walla,Walla Walla (188),Walla Walla (191),Walla Walla (251),,Walla Walla (192),,,,,,,,,,,,,,
vin.in,80,Vincennes,Vincennes,Vincennes,Vincennes,Vincennes,Vincennes,Vincennes,Vincennes,Vincennes,Vincennes,Vincennes,Vincennes,Vincennes,Vincennes,Vincennes,Vincennes,Vincennes,Vincennes,Vincennes,Vincennes,Vincennes,Vincennes,Vincennes,Vincennes,Vincennes,Vincennes,Vincennes,Vincennes,Vincennes,Vincennes (188),Vincennes (153),Vincennes (148),,Vincennes (195),Vincennes (116),Vincennes (112),Vincennes (112),Vincennes (230),Vincennes (179),Vincennes (96),Vincennes (122),Vincennes (104),Vincennes (120),Vincennes (89),Vincennes (108),Vincennes (180),Vincennes (208),Vincennes  (112),Vincennes (115),Vincennes (104),Vincennes (137),Vincennes (77),Vincennes (103),Vincennes (131),Vincennes (99),Vincennes (130),Vincennes (100),Vincennes (121),Vincennes (73),Vincennes (64),,
whe.va,81,Wheeling,Wheeling,Wheeling,Wheeling,Wheeling,Wheeling,Wheeling,Wheeling,Wheeling,Wheeling,Wheeling,Wheeling,Wheeling,Wheeling,Wheeling,Wheeling,Wheeling,Wheeling,Wheeling,Wheeling,Wheeling,Wheeling,Wheeling,Wheeling,Wheeling,Wheeling,Wheeling,Wheeling,Wheeling,Wheeling (216),Wheeling (85),Wheeling (81),,Wheeling (75),Wheeling (83),Wheeling (80),Wheeling (91),Wheeling (124),Wheeling (195),Wheeling (77),Wheeling (128),Wheeling (136),Wheeling (185),Wheeling (122),,,,,,,,,,,,,,,,,,
wic.ks,82,Wichita,Wichita,Wichita,Wichita,Wichita,Wichita,Wichita,Wichita,Wichita,,,,,,,,,,,,,,,,,,,,,,,,,,,,,,,,,,,,,,,,,,,,,,,,,,,,,
wil.de,83,Wilmington,Wilmington,Wilmington,Wilmington,Wilmington,Wilmington,Wilmington,Wilmington,Wilmington,Wilmington,Wilmington,Wilmington,Wilmington,Wilmington,Wilmington,Wilmington,Wilmington,Wilmington,Wilmington,Wilmington,Wilmington,Wilmington,Wilmington,Wilmington,Wilmington,Wilmington,Wilmington,,,,,,,,,,,,,,,,,,,,,,,,,,,,,,,,,,,
win.mn,84,Winona,Winona,Winona,Winona,Winona,Winona,,,,,,,,,,,,,,,,,,,,,,,,,,,,,,,,,,,,,,,,,,,,,,,,,,,,,,,,
jun.ak,85,Vicariate-Apostolic Alaska,,,,,,,,,,,,,,,,,,,,,,,,,,,,,,,,,,,,,,,,,,,,,,,,,,,,,,,,,,,,,
tuc.az,86,Vicariate-Apostolic Arizona,Vicariate-Apostolic Arizona,Vicariate-Apostolic Arizona,Vicariate-Apostolic Arizona,Vicariate-Apostolic Arizona,Vicariate-Apostolic Arizona,Vicariate-Apostolic Arizona,Vicariate-Apostolic Arizona,Vicariate-Apostolic Arizona,Vicariate Apostolic of Arizona,Vicariate Apostolic of Arizona,Vicariate Apostolic of Arizona,Vicariate Apostolic of Arizona,Vicariate Apostolic of Arizona,Vicariate Apostolic of Arizona,Vicariate Apostolic of Arizona,Vicariate Apostolic of Arizona,Vicariate Apostolic of Arizona,Vicariate Apostolic of Arizona,Vicariate Apostolic of Arizona,Vicariate Apostolic of Arizona,Vicariate Apostolic of Arizona,Vicariate Apostolic of Arizona,Vicariate Apostolic of Arizona,,,,,,,,,,,,,,,,,,,,,,,,,,,,,,,,,,,,,,
bro.tx,87,Vicariate-Apostolic Brownsville,Vicariate-Apostolic Brownsville,Vicariate-Apostolic Brownsville,Vicariate-Apostolic Brownsville,Vicariate-Apostolic Brownsville,Vicariate-Apostolic Brownsville,Vicariate-Apostolic Brownsville,Vicariate-Apostolic Brownsville,Vicariate-Apostolic Brownsville,Vicariate Apostolic of Brownsville,Vicariate Apostolic of Brownsville,Vicariate Apostolic of Brownsville,Vicariate Apostolic of Brownsville,Vicariate Apostolic of Brownsville,Vicariate Apostolic of Brownsville,Vicariate Apostolic of Brownsville,Vicariate Apostolic of Brownsville,Vicariate Apostolic of Brownsville,Vicariate Apostolic of Brownsville,Vicariate Apostolic of Brownsville,,,,,,,,,,,,,,,,,,,,,,,,,,,,,,,,,,,,,,,,,,
ral.nc,88,Vicariate-Apostolic North Carolina,Vicariate-Apostolic North Carolina,Vicariate-Apostolic North Carolina,Vicariate-Apostolic North Carolina,Vicariate-Apostolic North Carolina,Vicariate-Apostolic North Carolina,Vicariate-Apostolic North Carolina,Vicariate-Apostolic North Carolina,Vicariate-Apostolic North Carolina,Vicariate-Apostolic North Carolina,Vicariate-Apostolic North Carolina,Vicariate-Apostolic North Carolina,Vicariate-Apostolic North Carolina,Vicariate-Apostolic North Carolina,Vicariate-Apostolic North Carolina,Vicariate-Apostolic North Carolina,Vicariate-Apostolic North Carolina,Vicariate-Apostolic North Carolina,Vicariate-Apostolic North Carolina,Vicariate-Apostolic North Carolina,Vicariate-Apostolic North Carolina,Vicariate-Apostolic North Carolina,Vicariate-Apostolic North Carolina,Vicariate-Apostolic North Carolina,Vicariate-Apostolic North Carolina,Vicariate-Apostolic North Carolina,Vicariate-Apostolic North Carolina,,,,,,,,,,,,,,,,,,,,,,,,,,,,,,,,,,,
okl.ok,89,Vicariate-Apostolic Indian Territory,Vicariate-Apostolic Indian Territory,Vicariate-Apostolic Indian Territory,Vicariate-Apostolic Indian Territory,Vicariate-Apostolic Indian Territory,Vicariate-Apostolic Indian Territory,Vicariate-Apostolic Indian Territory,Vicariate-Apostolic Indian Territory,Vicariate-Apostolic Indian Territory,Prefecture Ap. of Indian Territory,Prefecture Ap. of Indian Territory,Prefecture Ap. of Indian Territory,Prefecture Ap. of Indian Territory,Prefecture Ap. of Indian Territory,Prefecture Ap. of Indian Territory,Prefecture Ap. of Indian Territory,Prefecture Ap. of Indian Territory,Prefecture Ap. of Indian Territory,,,,,,,,,,,,,,,,,,,Vicariate of Indian Territory (150),Apostolic Vicariate of Indian Territory (254),Apostolic Vicariate of Indian Territory (157),Apostolic Vicariate of Indian Territory (81),Apostolic Vicariate of Indian Territory (229),Apostolic Vicariate of Indian Territory (139),Apostolic Vicariate of Indian Territory (158),Apostolic Vicariate of Indian Territory (135),,,,,,,,,,,,,,,,,,